{"SERVICES":"Additional Stack of Services","SERVICES_CONSULTANCY":"Consultancy/Our skilled team with wealth of experience in the area of IT, Smart Solutions, IoT, and AI is ready to assist clients match the right solution to address their needs and guide them through the right path for successful implementation.","SERVICES_INTEGRATION_SERVICES":"Integration Services/We help our clients to maximize their IT performance and capability. Implementing new software solutions and connecting with existing solutions, we assure our clients a homogeneous environment.","SERVICES_MANAGED_SERVICES":"Managed Services/We are ready to offload clients from day-to-day IT related technical tasks in order to give them the needed time to focus on their business goals through SLA based contracts. Through our Local resources and offshore arms, we can guarantee a smooth and continuous operations.","SERVICES_OUTSOURCING":"Outsourcing/Through our local and offshore resources, we can augment client’s team with the right skills.","SERVICES_SOFTWARE_DEVELOPMENT":"Software Development/From mobile apps to Back-office enterprise apps, we can fulfill client’s software development, tailoring, and maintenance requirements.","SERVICES_TITLE":"In order to provide an end-to-end total solution, MSTech is offering additional consultancy and IT services."}