{"ABOUT_US":"معلومات عنا","ADDRESS":"7630، العباس بن عبد المطلب، ش.م. مع عثمان بن، المملكة العربية السعودية","COMPANY":"شركة","CONNECT":"يتصل","EMAIL_US":"ارسل لنا عبر البريد الإلكتروني","FOLLOW_US":"تابعنا","MSTECH":"مستك","PRESS":"يضعط","PRESS_VALUE":"INFO@MSTECH.SA","PRODUCTS":"منتجات","SEE_ALL":"اظهار الكل","SOLUTIONS":"حلول","USE_CASES":"استخدم حالات"}