{"SERVICES":"حزمة إضافية من الخدمات","SERVICES_CONSULTANCY":"الاستشارات / فريقنا الماهر الذي يتمتع بخبرة كبيرة في مجال تكنولوجيا المعلومات والحلول الذكية وإنترنت الأشياء والذكاء الاصطناعي على استعداد لمساعدة العملاء على اختيار الحل المناسب لتلبية احتياجاتهم وتوجيههم عبر المسار الصحيح للتنفيذ الناجح.","SERVICES_INTEGRATION_SERVICES":"خدمات التكامل / نحن نساعد عملائنا على تحقيق أقصى قدر من الأداء والقدرة على تكنولوجيا المعلومات لديهم. من خلال تنفيذ حلول برمجية جديدة والتواصل مع الحلول الحالية، نضمن لعملائنا بيئة متجانسة.","SERVICES_MANAGED_SERVICES":"الخدمات المدارة / نحن على استعداد لتفريغ العملاء من المهام الفنية اليومية المتعلقة بتكنولوجيا المعلومات من أجل منحهم الوقت اللازم للتركيز على أهداف أعمالهم من خلال العقود القائمة على اتفاقية مستوى الخدمة. ومن خلال مواردنا المحلية وأذرعنا الخارجية، يمكننا ضمان عمليات سلسة ومستمرة.","SERVICES_OUTSOURCING":"الاستعانة بمصادر خارجية/من خلال مواردنا المحلية والخارجية، يمكننا تعزيز فريق العميل بالمهارات المناسبة.","SERVICES_SOFTWARE_DEVELOPMENT":"تطوير البرمجيات/من تطبيقات الهاتف المحمول إلى تطبيقات المؤسسات في المكاتب الخلفية، يمكننا تلبية متطلبات تطوير برامج العميل وتخصيصها وصيانتها.","SERVICES_TITLE":"من أجل توفير حل شامل وشامل، تقدم MSTech استشارات إضافية وخدمات تكنولوجيا المعلومات."}