{"ACCESS_CONTROL":"التحكم الذكي في الوصول الذكي/التحكم الكامل في منح سلطة الوصول اللازمة بين يديك. يمكن التعرف على لوحات السيارات ووجوه الأشخاص وهويات الموظفين.","ALERT_DETECTION":"اكتشاف التنبيهات/اكتشاف المواقف الخطيرة في متاجر البيع بالتجزئة أو العقارات، ويمكن أتمتة الإجراءات الوقائية بسهولة.","EMOTION_DETECTION":"كشف المشاعر/تحديد ما يشعر به الشخص الآن بناءً على عاطفته. لمساعدة عملائنا على تحديد ما إذا كان زوارهم راضين عن الخدمة التي يحصلون عليها.","FACE_RECOGNITION":"التعرف على الوجه/يتم استخدام حالة الاستخدام هذه في التحكم في الوصول وحضور الموظفين.","HEATMAP_DISCOVERY":"اكتشاف/تحديد الخريطة الحرارية لما يشعر به الشخص الآن بناءً على مشاعره. لمساعدة عملائنا على تحديد ما إذا كان زوارهم راضين عن الخدمة التي يحصلون عليها.","SMART_BUILDINGS":"ستتمتع المباني الذكية/المقيمون بالقدرة على التحكم ومراقبة الأجهزة الموجودة في شقتهم باستخدام تطبيق الهاتف المحمول.","SMART_PARKING":"مواقف السيارات الذكية/تحسين استخدام المساحة وتقليل الازدحام مع تقديم تحديثات التوفر في الوقت الفعلي والدخول والخروج الآلي للمركبة.","TRACKING":"تتبع الأشخاص والموظفين/تتبع تحركات الموظفين في الوقت الحقيقي. وهذا من شأنه أن يساعد في تقييم سلوك بائعي المتاجر كمثال.","USE-CASES":"استخدم حالات\n","USE-CASES_CONTENT":"يضمن الامتثال لمعايير الصحة والسلامة باستخدام كاميرات الخرائط الحرارية وتقنية التعرف على الوجه لتتبع حركة الحشود في المباني. وتحديد عدد وجنس الأشخاص الذين يدخلون ويخرجون من المبنى. التعرف على ما يشعر به الشخص الآن بناءً على عاطفته. لمساعدة عملائنا على تحديد ما إذا كان زوارهم راضين عن الخدمة التي يحصلون عليها.","USE-CASES_TITLE":"فيما يلي بعض حالات الاستخدام والسيناريوهات الجاهزة للتنفيذ"}